https://www.collegepuzzlechallenge.com/Puzzles/ViewPuzzle.ashx?id=6,https://www.collegepuzzlechallenge.com/Puzzles/ViewPuzzle.ashx?id=6&view=solution
https://www.collegepuzzlechallenge.com/Puzzles/ViewPuzzle.ashx?id=8,https://www.collegepuzzlechallenge.com/Puzzles/ViewPuzzle.ashx?id=8&view=solution
https://www.collegepuzzlechallenge.com/Puzzles/ViewPuzzle.ashx?id=1,https://www.collegepuzzlechallenge.com/Puzzles/ViewPuzzle.ashx?id=1&view=solution
https://www.collegepuzzlechallenge.com/Puzzles/ViewPuzzle.ashx?id=9,https://www.collegepuzzlechallenge.com/Puzzles/ViewPuzzle.ashx?id=9&view=solution
https://www.collegepuzzlechallenge.com/Puzzles/ViewPuzzle.ashx?id=10,https://www.collegepuzzlechallenge.com/Puzzles/ViewPuzzle.ashx?id=10&view=solution
https://www.collegepuzzlechallenge.com/Puzzles/ViewPuzzle.ashx?id=11,https://www.collegepuzzlechallenge.com/Puzzles/ViewPuzzle.ashx?id=11&view=solution
https://www.collegepuzzlechallenge.com/Puzzles/ViewPuzzle.ashx?id=15,https://www.collegepuzzlechallenge.com/Puzzles/ViewPuzzle.ashx?id=15&view=solution
https://www.collegepuzzlechallenge.com/Puzzles/ViewPuzzle.ashx?id=2,https://www.collegepuzzlechallenge.com/Puzzles/ViewPuzzle.ashx?id=2&view=solution
https://www.collegepuzzlechallenge.com/Puzzles/ViewPuzzle.ashx?id=4,https://www.collegepuzzlechallenge.com/Puzzles/ViewPuzzle.ashx?id=4&view=solution
https://www.collegepuzzlechallenge.com/Puzzles/ViewPuzzle.ashx?id=14,https://www.collegepuzzlechallenge.com/Puzzles/ViewPuzzle.ashx?id=14&view=solution
https://www.collegepuzzlechallenge.com/Puzzles/ViewPuzzle.ashx?id=12,https://www.collegepuzzlechallenge.com/Puzzles/ViewPuzzle.ashx?id=12&view=solution
https://www.collegepuzzlechallenge.com/Puzzles/ViewPuzzle.ashx?id=13,https://www.collegepuzzlechallenge.com/Puzzles/ViewPuzzle.ashx?id=13&view=solution
https://www.collegepuzzlechallenge.com/Puzzles/ViewPuzzle.ashx?id=3,https://www.collegepuzzlechallenge.com/Puzzles/ViewPuzzle.ashx?id=3&view=solution
https://www.collegepuzzlechallenge.com/Puzzles/ViewPuzzle.ashx?id=5,https://www.collegepuzzlechallenge.com/Puzzles/ViewPuzzle.ashx?id=5&view=solution
https://www.collegepuzzlechallenge.com/Puzzles/ViewPuzzle.ashx?id=7,https://www.collegepuzzlechallenge.com/Puzzles/ViewPuzzle.ashx?id=7&view=solution
https://www.collegepuzzlechallenge.com/Puzzles/ViewPuzzle.ashx?id=17,https://www.collegepuzzlechallenge.com/Puzzles/ViewPuzzle.ashx?id=17&view=solution
https://www.collegepuzzlechallenge.com/Puzzles/ViewPuzzle.ashx?id=18,https://www.collegepuzzlechallenge.com/Puzzles/ViewPuzzle.ashx?id=18&view=solution
https://www.collegepuzzlechallenge.com/Puzzles/ViewPuzzle.ashx?id=19,https://www.collegepuzzlechallenge.com/Puzzles/ViewPuzzle.ashx?id=19&view=solution
https://www.collegepuzzlechallenge.com/Puzzles/ViewPuzzle.ashx?id=20,https://www.collegepuzzlechallenge.com/Puzzles/ViewPuzzle.ashx?id=20&view=solution
https://www.collegepuzzlechallenge.com/Puzzles/ViewPuzzle.ashx?id=22,https://www.collegepuzzlechallenge.com/Puzzles/ViewPuzzle.ashx?id=22&view=solution
https://www.collegepuzzlechallenge.com/Puzzles/ViewPuzzle.ashx?id=16,https://www.collegepuzzlechallenge.com/Puzzles/ViewPuzzle.ashx?id=16&view=solution
https://www.collegepuzzlechallenge.com/Puzzles/ViewPuzzle.ashx?id=21,https://www.collegepuzzlechallenge.com/Puzzles/ViewPuzzle.ashx?id=21&view=solution
https://www.collegepuzzlechallenge.com/Puzzles/ViewPuzzle.ashx?id=23,https://www.collegepuzzlechallenge.com/Puzzles/ViewPuzzle.ashx?id=23&view=solution
https://www.collegepuzzlechallenge.com/Puzzles/ViewPuzzle.ashx?id=25,https://www.collegepuzzlechallenge.com/Puzzles/ViewPuzzle.ashx?id=25&view=solution
https://www.collegepuzzlechallenge.com/Puzzles/ViewPuzzle.ashx?id=26,https://www.collegepuzzlechallenge.com/Puzzles/ViewPuzzle.ashx?id=26&view=solution
https://www.collegepuzzlechallenge.com/Puzzles/ViewPuzzle.ashx?id=24,https://www.collegepuzzlechallenge.com/Puzzles/ViewPuzzle.ashx?id=24&view=solution
https://www.collegepuzzlechallenge.com/Puzzles/ViewPuzzle.ashx?id=27,https://www.collegepuzzlechallenge.com/Puzzles/ViewPuzzle.ashx?id=27&view=solution
https://www.collegepuzzlechallenge.com/Puzzles/ViewPuzzle.ashx?id=28,https://www.collegepuzzlechallenge.com/Puzzles/ViewPuzzle.ashx?id=28&view=solution
https://www.collegepuzzlechallenge.com/Puzzles/ViewPuzzle.ashx?id=29,https://www.collegepuzzlechallenge.com/Puzzles/ViewPuzzle.ashx?id=29&view=solution
https://www.collegepuzzlechallenge.com/Puzzles/ViewPuzzle.ashx?id=30,https://www.collegepuzzlechallenge.com/Puzzles/ViewPuzzle.ashx?id=30&view=solution
https://www.collegepuzzlechallenge.com/Puzzles/ViewPuzzle.ashx?id=31,https://www.collegepuzzlechallenge.com/Puzzles/ViewPuzzle.ashx?id=31&view=solution
https://www.collegepuzzlechallenge.com/Puzzles/ViewPuzzle.ashx?id=32,https://www.collegepuzzlechallenge.com/Puzzles/ViewPuzzle.ashx?id=32&view=solution
https://www.collegepuzzlechallenge.com/Puzzles/ViewPuzzle.ashx?id=33,https://www.collegepuzzlechallenge.com/Puzzles/ViewPuzzle.ashx?id=33&view=solution
https://www.collegepuzzlechallenge.com/Puzzles/ViewPuzzle.ashx?id=34,https://www.collegepuzzlechallenge.com/Puzzles/ViewPuzzle.ashx?id=34&view=solution
https://www.collegepuzzlechallenge.com/Puzzles/ViewPuzzle.ashx?id=35,https://www.collegepuzzlechallenge.com/Puzzles/ViewPuzzle.ashx?id=35&view=solution
https://www.collegepuzzlechallenge.com/Puzzles/ViewPuzzle.ashx?id=36,https://www.collegepuzzlechallenge.com/Puzzles/ViewPuzzle.ashx?id=36&view=solution
https://www.collegepuzzlechallenge.com/Puzzles/ViewPuzzle.ashx?id=37,https://www.collegepuzzlechallenge.com/Puzzles/ViewPuzzle.ashx?id=37&view=solution
https://www.collegepuzzlechallenge.com/Puzzles/ViewPuzzle.ashx?id=38,https://www.collegepuzzlechallenge.com/Puzzles/ViewPuzzle.ashx?id=38&view=solution
https://www.collegepuzzlechallenge.com/Puzzles/ViewPuzzle.ashx?id=39,https://www.collegepuzzlechallenge.com/Puzzles/ViewPuzzle.ashx?id=39&view=solution
https://www.collegepuzzlechallenge.com/Puzzles/ViewPuzzle.ashx?id=40,https://www.collegepuzzlechallenge.com/Puzzles/ViewPuzzle.ashx?id=40&view=solution
https://www.collegepuzzlechallenge.com/Puzzles/ViewPuzzle.ashx?id=41,https://www.collegepuzzlechallenge.com/Puzzles/ViewPuzzle.ashx?id=41&view=solution
https://www.collegepuzzlechallenge.com/Puzzles/ViewPuzzle.ashx?id=42,https://www.collegepuzzlechallenge.com/Puzzles/ViewPuzzle.ashx?id=42&view=solution
https://www.collegepuzzlechallenge.com/Puzzles/ViewPuzzle.ashx?id=43,https://www.collegepuzzlechallenge.com/Puzzles/ViewPuzzle.ashx?id=43&view=solution
https://www.collegepuzzlechallenge.com/Puzzles/ViewPuzzle.ashx?id=44,https://www.collegepuzzlechallenge.com/Puzzles/ViewPuzzle.ashx?id=44&view=solution
https://www.collegepuzzlechallenge.com/Puzzles/ViewPuzzle.ashx?id=52,https://www.collegepuzzlechallenge.com/Puzzles/ViewPuzzle.ashx?id=52&view=solution
https://www.collegepuzzlechallenge.com/Puzzles/ViewPuzzle.ashx?id=45,https://www.collegepuzzlechallenge.com/Puzzles/ViewPuzzle.ashx?id=45&view=solution
https://www.collegepuzzlechallenge.com/Puzzles/ViewPuzzle.ashx?id=46,https://www.collegepuzzlechallenge.com/Puzzles/ViewPuzzle.ashx?id=46&view=solution
https://www.collegepuzzlechallenge.com/Puzzles/ViewPuzzle.ashx?id=47,https://www.collegepuzzlechallenge.com/Puzzles/ViewPuzzle.ashx?id=47&view=solution
https://www.collegepuzzlechallenge.com/Puzzles/ViewPuzzle.ashx?id=48,https://www.collegepuzzlechallenge.com/Puzzles/ViewPuzzle.ashx?id=48&view=solution
https://www.collegepuzzlechallenge.com/Puzzles/ViewPuzzle.ashx?id=49,https://www.collegepuzzlechallenge.com/Puzzles/ViewPuzzle.ashx?id=49&view=solution
https://www.collegepuzzlechallenge.com/Puzzles/ViewPuzzle.ashx?id=50,https://www.collegepuzzlechallenge.com/Puzzles/ViewPuzzle.ashx?id=50&view=solution
https://www.collegepuzzlechallenge.com/Puzzles/ViewPuzzle.ashx?id=51,https://www.collegepuzzlechallenge.com/Puzzles/ViewPuzzle.ashx?id=51&view=solution
https://www.collegepuzzlechallenge.com/Puzzles/ViewPuzzle.ashx?id=213,https://www.collegepuzzlechallenge.com/Puzzles/ViewPuzzle.ashx?id=213&view=solution
https://www.collegepuzzlechallenge.com/Puzzles/ViewPuzzle.ashx?id=212,https://www.collegepuzzlechallenge.com/Puzzles/ViewPuzzle.ashx?id=212&view=solution
https://www.collegepuzzlechallenge.com/Puzzles/ViewPuzzle.ashx?id=214,https://www.collegepuzzlechallenge.com/Puzzles/ViewPuzzle.ashx?id=214&view=solution
https://www.collegepuzzlechallenge.com/Puzzles/ViewPuzzle.ashx?id=215,https://www.collegepuzzlechallenge.com/Puzzles/ViewPuzzle.ashx?id=215&view=solution
https://www.collegepuzzlechallenge.com/Puzzles/ViewPuzzle.ashx?id=216,https://www.collegepuzzlechallenge.com/Puzzles/ViewPuzzle.ashx?id=216&view=solution
https://www.collegepuzzlechallenge.com/Puzzles/ViewPuzzle.ashx?id=217,https://www.collegepuzzlechallenge.com/Puzzles/ViewPuzzle.ashx?id=217&view=solution
https://www.collegepuzzlechallenge.com/Puzzles/ViewPuzzle.ashx?id=218,https://www.collegepuzzlechallenge.com/Puzzles/ViewPuzzle.ashx?id=218&view=solution
https://www.collegepuzzlechallenge.com/Puzzles/ViewPuzzle.ashx?id=219,https://www.collegepuzzlechallenge.com/Puzzles/ViewPuzzle.ashx?id=219&view=solution
https://www.collegepuzzlechallenge.com/Puzzles/ViewPuzzle.ashx?id=220,https://www.collegepuzzlechallenge.com/Puzzles/ViewPuzzle.ashx?id=220&view=solution
https://www.collegepuzzlechallenge.com/Puzzles/ViewPuzzle.ashx?id=221,https://www.collegepuzzlechallenge.com/Puzzles/ViewPuzzle.ashx?id=221&view=solution
https://www.collegepuzzlechallenge.com/Puzzles/ViewPuzzle.ashx?id=222,https://www.collegepuzzlechallenge.com/Puzzles/ViewPuzzle.ashx?id=222&view=solution
https://www.collegepuzzlechallenge.com/Puzzles/ViewPuzzle.ashx?id=223,https://www.collegepuzzlechallenge.com/Puzzles/ViewPuzzle.ashx?id=223&view=solution
https://www.collegepuzzlechallenge.com/Puzzles/ViewPuzzle.ashx?id=224,https://www.collegepuzzlechallenge.com/Puzzles/ViewPuzzle.ashx?id=224&view=solution
https://www.collegepuzzlechallenge.com/Puzzles/ViewPuzzle.ashx?id=225,https://www.collegepuzzlechallenge.com/Puzzles/ViewPuzzle.ashx?id=225&view=solution
https://www.collegepuzzlechallenge.com/Puzzles/ViewPuzzle.ashx?id=226,https://www.collegepuzzlechallenge.com/Puzzles/ViewPuzzle.ashx?id=226&view=solution
https://www.collegepuzzlechallenge.com/Puzzles/ViewPuzzle.ashx?id=227,https://www.collegepuzzlechallenge.com/Puzzles/ViewPuzzle.ashx?id=227&view=solution
https://www.collegepuzzlechallenge.com/Puzzles/ViewPuzzle.ashx?id=228,https://www.collegepuzzlechallenge.com/Puzzles/ViewPuzzle.ashx?id=228&view=solution
https://www.collegepuzzlechallenge.com/Puzzles/ViewPuzzle.ashx?id=229,https://www.collegepuzzlechallenge.com/Puzzles/ViewPuzzle.ashx?id=229&view=solution
https://www.collegepuzzlechallenge.com/Puzzles/ViewPuzzle.ashx?id=230,https://www.collegepuzzlechallenge.com/Puzzles/ViewPuzzle.ashx?id=230&view=solution
https://www.collegepuzzlechallenge.com/Puzzles/ViewPuzzle.ashx?id=231,https://www.collegepuzzlechallenge.com/Puzzles/ViewPuzzle.ashx?id=231&view=solution
https://www.collegepuzzlechallenge.com/Puzzles/ViewPuzzle.ashx?id=232,https://www.collegepuzzlechallenge.com/Puzzles/ViewPuzzle.ashx?id=232&view=solution
https://www.collegepuzzlechallenge.com/Puzzles/ViewPuzzle.ashx?id=233,https://www.collegepuzzlechallenge.com/Puzzles/ViewPuzzle.ashx?id=233&view=solution
https://www.collegepuzzlechallenge.com/Puzzles/ViewPuzzle.ashx?id=234,https://www.collegepuzzlechallenge.com/Puzzles/ViewPuzzle.ashx?id=234&view=solution
https://www.collegepuzzlechallenge.com/Puzzles/ViewPuzzle.ashx?id=235,https://www.collegepuzzlechallenge.com/Puzzles/ViewPuzzle.ashx?id=235&view=solution
https://www.collegepuzzlechallenge.com/Puzzles/ViewPuzzle.ashx?id=236,https://www.collegepuzzlechallenge.com/Puzzles/ViewPuzzle.ashx?id=236&view=solution
https://www.collegepuzzlechallenge.com/Puzzles/ViewPuzzle.ashx?id=237,https://www.collegepuzzlechallenge.com/Puzzles/ViewPuzzle.ashx?id=237&view=solution
https://www.collegepuzzlechallenge.com/Puzzles/ViewPuzzle.ashx?id=238,https://www.collegepuzzlechallenge.com/Puzzles/ViewPuzzle.ashx?id=238&view=solution
https://www.collegepuzzlechallenge.com/Puzzles/ViewPuzzle.ashx?id=239,https://www.collegepuzzlechallenge.com/Puzzles/ViewPuzzle.ashx?id=239&view=solution
https://www.collegepuzzlechallenge.com/Puzzles/ViewPuzzle.ashx?id=240,https://www.collegepuzzlechallenge.com/Puzzles/ViewPuzzle.ashx?id=240&view=solution
https://www.collegepuzzlechallenge.com/Puzzles/ViewPuzzle.ashx?id=241,https://www.collegepuzzlechallenge.com/Puzzles/ViewPuzzle.ashx?id=241&view=solution
https://www.collegepuzzlechallenge.com/Puzzles/ViewPuzzle.ashx?id=242,https://www.collegepuzzlechallenge.com/Puzzles/ViewPuzzle.ashx?id=242&view=solution
https://www.collegepuzzlechallenge.com/Puzzles/ViewPuzzle.ashx?id=243,https://www.collegepuzzlechallenge.com/Puzzles/ViewPuzzle.ashx?id=243&view=solution
https://www.collegepuzzlechallenge.com/Puzzles/ViewPuzzle.ashx?id=244,https://www.collegepuzzlechallenge.com/Puzzles/ViewPuzzle.ashx?id=244&view=solution
https://www.collegepuzzlechallenge.com/Puzzles/ViewPuzzle.ashx?id=245,https://www.collegepuzzlechallenge.com/Puzzles/ViewPuzzle.ashx?id=245&view=solution
https://www.collegepuzzlechallenge.com/Puzzles/ViewPuzzle.ashx?id=246,https://www.collegepuzzlechallenge.com/Puzzles/ViewPuzzle.ashx?id=246&view=solution
https://www.collegepuzzlechallenge.com/Puzzles/ViewPuzzle.ashx?id=1248,https://www.collegepuzzlechallenge.com/Puzzles/ViewPuzzle.ashx?id=1248&view=solution
https://www.collegepuzzlechallenge.com/Puzzles/ViewPuzzle.ashx?id=248,https://www.collegepuzzlechallenge.com/Puzzles/ViewPuzzle.ashx?id=248&view=solution
https://www.collegepuzzlechallenge.com/Puzzles/ViewPuzzle.ashx?id=247,https://www.collegepuzzlechallenge.com/Puzzles/ViewPuzzle.ashx?id=247&view=solution
https://www.collegepuzzlechallenge.com/Puzzles/ViewPuzzle.ashx?id=1281,https://www.collegepuzzlechallenge.com/Puzzles/ViewPuzzle.ashx?id=1281&view=solution
https://www.collegepuzzlechallenge.com/Puzzles/ViewPuzzle.ashx?id=1254,https://www.collegepuzzlechallenge.com/Puzzles/ViewPuzzle.ashx?id=1254&view=solution
https://www.collegepuzzlechallenge.com/Puzzles/ViewPuzzle.ashx?id=1255,https://www.collegepuzzlechallenge.com/Puzzles/ViewPuzzle.ashx?id=1255&view=solution
https://www.collegepuzzlechallenge.com/Puzzles/ViewPuzzle.ashx?id=1256,https://www.collegepuzzlechallenge.com/Puzzles/ViewPuzzle.ashx?id=1256&view=solution
https://www.collegepuzzlechallenge.com/Puzzles/ViewPuzzle.ashx?id=1257,https://www.collegepuzzlechallenge.com/Puzzles/ViewPuzzle.ashx?id=1257&view=solution
https://www.collegepuzzlechallenge.com/Puzzles/ViewPuzzle.ashx?id=1260,https://www.collegepuzzlechallenge.com/Puzzles/ViewPuzzle.ashx?id=1260&view=solution
https://www.collegepuzzlechallenge.com/Puzzles/ViewPuzzle.ashx?id=1263,https://www.collegepuzzlechallenge.com/Puzzles/ViewPuzzle.ashx?id=1263&view=solution
https://www.collegepuzzlechallenge.com/Puzzles/ViewPuzzle.ashx?id=1264,https://www.collegepuzzlechallenge.com/Puzzles/ViewPuzzle.ashx?id=1264&view=solution
https://www.collegepuzzlechallenge.com/Puzzles/ViewPuzzle.ashx?id=1269,https://www.collegepuzzlechallenge.com/Puzzles/ViewPuzzle.ashx?id=1269&view=solution
https://www.collegepuzzlechallenge.com/Puzzles/ViewPuzzle.ashx?id=1274,https://www.collegepuzzlechallenge.com/Puzzles/ViewPuzzle.ashx?id=1274&view=solution
https://www.collegepuzzlechallenge.com/Puzzles/ViewPuzzle.ashx?id=1279,https://www.collegepuzzlechallenge.com/Puzzles/ViewPuzzle.ashx?id=1279&view=solution
https://www.collegepuzzlechallenge.com/Puzzles/ViewPuzzle.ashx?id=1280,https://www.collegepuzzlechallenge.com/Puzzles/ViewPuzzle.ashx?id=1280&view=solution
https://www.collegepuzzlechallenge.com/Puzzles/ViewPuzzle.ashx?id=1249,https://www.collegepuzzlechallenge.com/Puzzles/ViewPuzzle.ashx?id=1249&view=solution
https://www.collegepuzzlechallenge.com/Puzzles/ViewPuzzle.ashx?id=1252,https://www.collegepuzzlechallenge.com/Puzzles/ViewPuzzle.ashx?id=1252&view=solution
https://www.collegepuzzlechallenge.com/Puzzles/ViewPuzzle.ashx?id=1253,https://www.collegepuzzlechallenge.com/Puzzles/ViewPuzzle.ashx?id=1253&view=solution
https://www.collegepuzzlechallenge.com/Puzzles/ViewPuzzle.ashx?id=1261,https://www.collegepuzzlechallenge.com/Puzzles/ViewPuzzle.ashx?id=1261&view=solution
https://www.collegepuzzlechallenge.com/Puzzles/ViewPuzzle.ashx?id=1262,https://www.collegepuzzlechallenge.com/Puzzles/ViewPuzzle.ashx?id=1262&view=solution
https://www.collegepuzzlechallenge.com/Puzzles/ViewPuzzle.ashx?id=1265,https://www.collegepuzzlechallenge.com/Puzzles/ViewPuzzle.ashx?id=1265&view=solution
https://www.collegepuzzlechallenge.com/Puzzles/ViewPuzzle.ashx?id=1266,https://www.collegepuzzlechallenge.com/Puzzles/ViewPuzzle.ashx?id=1266&view=solution
https://www.collegepuzzlechallenge.com/Puzzles/ViewPuzzle.ashx?id=1267,https://www.collegepuzzlechallenge.com/Puzzles/ViewPuzzle.ashx?id=1267&view=solution
https://www.collegepuzzlechallenge.com/Puzzles/ViewPuzzle.ashx?id=1271,https://www.collegepuzzlechallenge.com/Puzzles/ViewPuzzle.ashx?id=1271&view=solution
https://www.collegepuzzlechallenge.com/Puzzles/ViewPuzzle.ashx?id=1272,https://www.collegepuzzlechallenge.com/Puzzles/ViewPuzzle.ashx?id=1272&view=solution
https://www.collegepuzzlechallenge.com/Puzzles/ViewPuzzle.ashx?id=1276,https://www.collegepuzzlechallenge.com/Puzzles/ViewPuzzle.ashx?id=1276&view=solution
https://www.collegepuzzlechallenge.com/Puzzles/ViewPuzzle.ashx?id=1250,https://www.collegepuzzlechallenge.com/Puzzles/ViewPuzzle.ashx?id=1250&view=solution
https://www.collegepuzzlechallenge.com/Puzzles/ViewPuzzle.ashx?id=1251,https://www.collegepuzzlechallenge.com/Puzzles/ViewPuzzle.ashx?id=1251&view=solution
https://www.collegepuzzlechallenge.com/Puzzles/ViewPuzzle.ashx?id=1258,https://www.collegepuzzlechallenge.com/Puzzles/ViewPuzzle.ashx?id=1258&view=solution
https://www.collegepuzzlechallenge.com/Puzzles/ViewPuzzle.ashx?id=1259,https://www.collegepuzzlechallenge.com/Puzzles/ViewPuzzle.ashx?id=1259&view=solution
https://www.collegepuzzlechallenge.com/Puzzles/ViewPuzzle.ashx?id=1268,https://www.collegepuzzlechallenge.com/Puzzles/ViewPuzzle.ashx?id=1268&view=solution
https://www.collegepuzzlechallenge.com/Puzzles/ViewPuzzle.ashx?id=1270,https://www.collegepuzzlechallenge.com/Puzzles/ViewPuzzle.ashx?id=1270&view=solution
https://www.collegepuzzlechallenge.com/Puzzles/ViewPuzzle.ashx?id=1273,https://www.collegepuzzlechallenge.com/Puzzles/ViewPuzzle.ashx?id=1273&view=solution
https://www.collegepuzzlechallenge.com/Puzzles/ViewPuzzle.ashx?id=1275,https://www.collegepuzzlechallenge.com/Puzzles/ViewPuzzle.ashx?id=1275&view=solution
https://www.collegepuzzlechallenge.com/Puzzles/ViewPuzzle.ashx?id=1277,https://www.collegepuzzlechallenge.com/Puzzles/ViewPuzzle.ashx?id=1277&view=solution
https://www.collegepuzzlechallenge.com/Puzzles/ViewPuzzle.ashx?id=1278,https://www.collegepuzzlechallenge.com/Puzzles/ViewPuzzle.ashx?id=1278&view=solution
https://www.collegepuzzlechallenge.com/Puzzles/ViewPuzzle.ashx?id=1282,https://www.collegepuzzlechallenge.com/Puzzles/ViewPuzzle.ashx?id=1282&view=solution
https://www.collegepuzzlechallenge.com/Puzzles/ViewPuzzle.ashx?id=1283,https://www.collegepuzzlechallenge.com/Puzzles/ViewPuzzle.ashx?id=1283&view=solution
https://www.collegepuzzlechallenge.com/Puzzles/ViewPuzzle.ashx?id=1284,https://www.collegepuzzlechallenge.com/Puzzles/ViewPuzzle.ashx?id=1284&view=solution
https://www.collegepuzzlechallenge.com/Puzzles/ViewPuzzle.ashx?id=1285,https://www.collegepuzzlechallenge.com/Puzzles/ViewPuzzle.ashx?id=1285&view=solution
https://www.collegepuzzlechallenge.com/Puzzles/ViewPuzzle.ashx?id=1286,https://www.collegepuzzlechallenge.com/Puzzles/ViewPuzzle.ashx?id=1286&view=solution
https://www.collegepuzzlechallenge.com/Puzzles/ViewPuzzle.ashx?id=1287,https://www.collegepuzzlechallenge.com/Puzzles/ViewPuzzle.ashx?id=1287&view=solution
https://www.collegepuzzlechallenge.com/Puzzles/ViewPuzzle.ashx?id=1288,https://www.collegepuzzlechallenge.com/Puzzles/ViewPuzzle.ashx?id=1288&view=solution
https://www.collegepuzzlechallenge.com/Puzzles/ViewPuzzle.ashx?id=1289,https://www.collegepuzzlechallenge.com/Puzzles/ViewPuzzle.ashx?id=1289&view=solution
https://www.collegepuzzlechallenge.com/Puzzles/ViewPuzzle.ashx?id=1290,https://www.collegepuzzlechallenge.com/Puzzles/ViewPuzzle.ashx?id=1290&view=solution
https://www.collegepuzzlechallenge.com/Puzzles/ViewPuzzle.ashx?id=1291,https://www.collegepuzzlechallenge.com/Puzzles/ViewPuzzle.ashx?id=1291&view=solution
https://www.collegepuzzlechallenge.com/Puzzles/ViewPuzzle.ashx?id=1292,https://www.collegepuzzlechallenge.com/Puzzles/ViewPuzzle.ashx?id=1292&view=solution
https://www.collegepuzzlechallenge.com/Puzzles/ViewPuzzle.ashx?id=1293,https://www.collegepuzzlechallenge.com/Puzzles/ViewPuzzle.ashx?id=1293&view=solution
https://www.collegepuzzlechallenge.com/Puzzles/ViewPuzzle.ashx?id=1294,https://www.collegepuzzlechallenge.com/Puzzles/ViewPuzzle.ashx?id=1294&view=solution
https://www.collegepuzzlechallenge.com/Puzzles/ViewPuzzle.ashx?id=1295,https://www.collegepuzzlechallenge.com/Puzzles/ViewPuzzle.ashx?id=1295&view=solution
https://www.collegepuzzlechallenge.com/Puzzles/ViewPuzzle.ashx?id=1296,https://www.collegepuzzlechallenge.com/Puzzles/ViewPuzzle.ashx?id=1296&view=solution
https://www.collegepuzzlechallenge.com/Puzzles/ViewPuzzle.ashx?id=1297,https://www.collegepuzzlechallenge.com/Puzzles/ViewPuzzle.ashx?id=1297&view=solution
https://www.collegepuzzlechallenge.com/Puzzles/ViewPuzzle.ashx?id=1298,https://www.collegepuzzlechallenge.com/Puzzles/ViewPuzzle.ashx?id=1298&view=solution
https://www.collegepuzzlechallenge.com/Puzzles/ViewPuzzle.ashx?id=1299,https://www.collegepuzzlechallenge.com/Puzzles/ViewPuzzle.ashx?id=1299&view=solution
https://www.collegepuzzlechallenge.com/Puzzles/ViewPuzzle.ashx?id=1300,https://www.collegepuzzlechallenge.com/Puzzles/ViewPuzzle.ashx?id=1300&view=solution
https://www.collegepuzzlechallenge.com/Puzzles/ViewPuzzle.ashx?id=1301,https://www.collegepuzzlechallenge.com/Puzzles/ViewPuzzle.ashx?id=1301&view=solution
https://www.collegepuzzlechallenge.com/Puzzles/ViewPuzzle.ashx?id=1302,https://www.collegepuzzlechallenge.com/Puzzles/ViewPuzzle.ashx?id=1302&view=solution
https://www.collegepuzzlechallenge.com/Puzzles/ViewPuzzle.ashx?id=1303,https://www.collegepuzzlechallenge.com/Puzzles/ViewPuzzle.ashx?id=1303&view=solution
https://www.collegepuzzlechallenge.com/Puzzles/ViewPuzzle.ashx?id=1304,https://www.collegepuzzlechallenge.com/Puzzles/ViewPuzzle.ashx?id=1304&view=solution
https://www.collegepuzzlechallenge.com/Puzzles/ViewPuzzle.ashx?id=1305,https://www.collegepuzzlechallenge.com/Puzzles/ViewPuzzle.ashx?id=1305&view=solution
https://www.collegepuzzlechallenge.com/Puzzles/ViewPuzzle.ashx?id=1306,https://www.collegepuzzlechallenge.com/Puzzles/ViewPuzzle.ashx?id=1306&view=solution
https://www.collegepuzzlechallenge.com/Puzzles/ViewPuzzle.ashx?id=1307,https://www.collegepuzzlechallenge.com/Puzzles/ViewPuzzle.ashx?id=1307&view=solution
https://www.collegepuzzlechallenge.com/Puzzles/ViewPuzzle.ashx?id=1308,https://www.collegepuzzlechallenge.com/Puzzles/ViewPuzzle.ashx?id=1308&view=solution
https://www.collegepuzzlechallenge.com/Puzzles/ViewPuzzle.ashx?id=1309,https://www.collegepuzzlechallenge.com/Puzzles/ViewPuzzle.ashx?id=1309&view=solution
https://www.collegepuzzlechallenge.com/Puzzles/ViewPuzzle.ashx?id=1310,https://www.collegepuzzlechallenge.com/Puzzles/ViewPuzzle.ashx?id=1310&view=solution
https://www.collegepuzzlechallenge.com/Puzzles/ViewPuzzle.ashx?id=1311,https://www.collegepuzzlechallenge.com/Puzzles/ViewPuzzle.ashx?id=1311&view=solution
https://www.collegepuzzlechallenge.com/Puzzles/ViewPuzzle.ashx?id=1312,https://www.collegepuzzlechallenge.com/Puzzles/ViewPuzzle.ashx?id=1312&view=solution
https://www.collegepuzzlechallenge.com/Puzzles/ViewPuzzle.ashx?id=1313,https://www.collegepuzzlechallenge.com/Puzzles/ViewPuzzle.ashx?id=1313&view=solution
https://www.collegepuzzlechallenge.com/Puzzles/ViewPuzzle.ashx?id=1314,https://www.collegepuzzlechallenge.com/Puzzles/ViewPuzzle.ashx?id=1314&view=solution
https://www.collegepuzzlechallenge.com/Puzzles/ViewPuzzle.ashx?id=1315,https://www.collegepuzzlechallenge.com/Puzzles/ViewPuzzle.ashx?id=1315&view=solution
https://www.collegepuzzlechallenge.com/Puzzles/ViewPuzzle.ashx?id=1316,https://www.collegepuzzlechallenge.com/Puzzles/ViewPuzzle.ashx?id=1316&view=solution
https://www.collegepuzzlechallenge.com/Puzzles/ViewPuzzle.ashx?id=1317,https://www.collegepuzzlechallenge.com/Puzzles/ViewPuzzle.ashx?id=1317&view=solution
https://www.collegepuzzlechallenge.com/Puzzles/ViewPuzzle.ashx?id=1318,https://www.collegepuzzlechallenge.com/Puzzles/ViewPuzzle.ashx?id=1318&view=solution
https://www.collegepuzzlechallenge.com/Puzzles/ViewPuzzle.ashx?id=1319,https://www.collegepuzzlechallenge.com/Puzzles/ViewPuzzle.ashx?id=1319&view=solution
https://www.collegepuzzlechallenge.com/Puzzles/ViewPuzzle.ashx?id=1320,https://www.collegepuzzlechallenge.com/Puzzles/ViewPuzzle.ashx?id=1320&view=solution
https://www.collegepuzzlechallenge.com/Puzzles/ViewPuzzle.ashx?id=1321,https://www.collegepuzzlechallenge.com/Puzzles/ViewPuzzle.ashx?id=1321&view=solution
https://www.collegepuzzlechallenge.com/Puzzles/ViewPuzzle.ashx?id=1325,https://www.collegepuzzlechallenge.com/Puzzles/ViewPuzzle.ashx?id=1325&view=solution
https://www.collegepuzzlechallenge.com/Puzzles/ViewPuzzle.ashx?id=1330,https://www.collegepuzzlechallenge.com/Puzzles/ViewPuzzle.ashx?id=1330&view=solution
https://www.collegepuzzlechallenge.com/Puzzles/ViewPuzzle.ashx?id=1333,https://www.collegepuzzlechallenge.com/Puzzles/ViewPuzzle.ashx?id=1333&view=solution
https://www.collegepuzzlechallenge.com/Puzzles/ViewPuzzle.ashx?id=1334,https://www.collegepuzzlechallenge.com/Puzzles/ViewPuzzle.ashx?id=1334&view=solution
https://www.collegepuzzlechallenge.com/Puzzles/ViewPuzzle.ashx?id=1340,https://www.collegepuzzlechallenge.com/Puzzles/ViewPuzzle.ashx?id=1340&view=solution
https://www.collegepuzzlechallenge.com/Puzzles/ViewPuzzle.ashx?id=1342,https://www.collegepuzzlechallenge.com/Puzzles/ViewPuzzle.ashx?id=1342&view=solution
https://www.collegepuzzlechallenge.com/Puzzles/ViewPuzzle.ashx?id=1347,https://www.collegepuzzlechallenge.com/Puzzles/ViewPuzzle.ashx?id=1347&view=solution
https://www.collegepuzzlechallenge.com/Puzzles/ViewPuzzle.ashx?id=1350,https://www.collegepuzzlechallenge.com/Puzzles/ViewPuzzle.ashx?id=1350&view=solution
https://www.collegepuzzlechallenge.com/Puzzles/ViewPuzzle.ashx?id=1352,https://www.collegepuzzlechallenge.com/Puzzles/ViewPuzzle.ashx?id=1352&view=solution
https://www.collegepuzzlechallenge.com/Puzzles/ViewPuzzle.ashx?id=1324,https://www.collegepuzzlechallenge.com/Puzzles/ViewPuzzle.ashx?id=1324&view=solution
https://www.collegepuzzlechallenge.com/Puzzles/ViewPuzzle.ashx?id=1327,https://www.collegepuzzlechallenge.com/Puzzles/ViewPuzzle.ashx?id=1327&view=solution
https://www.collegepuzzlechallenge.com/Puzzles/ViewPuzzle.ashx?id=1328,https://www.collegepuzzlechallenge.com/Puzzles/ViewPuzzle.ashx?id=1328&view=solution
https://www.collegepuzzlechallenge.com/Puzzles/ViewPuzzle.ashx?id=1332,https://www.collegepuzzlechallenge.com/Puzzles/ViewPuzzle.ashx?id=1332&view=solution
https://www.collegepuzzlechallenge.com/Puzzles/ViewPuzzle.ashx?id=1337,https://www.collegepuzzlechallenge.com/Puzzles/ViewPuzzle.ashx?id=1337&view=solution
https://www.collegepuzzlechallenge.com/Puzzles/ViewPuzzle.ashx?id=1353,https://www.collegepuzzlechallenge.com/Puzzles/ViewPuzzle.ashx?id=1353&view=solution
https://www.collegepuzzlechallenge.com/Puzzles/ViewPuzzle.ashx?id=1343,https://www.collegepuzzlechallenge.com/Puzzles/ViewPuzzle.ashx?id=1343&view=solution
https://www.collegepuzzlechallenge.com/Puzzles/ViewPuzzle.ashx?id=1345,https://www.collegepuzzlechallenge.com/Puzzles/ViewPuzzle.ashx?id=1345&view=solution
https://www.collegepuzzlechallenge.com/Puzzles/ViewPuzzle.ashx?id=1346,https://www.collegepuzzlechallenge.com/Puzzles/ViewPuzzle.ashx?id=1346&view=solution
https://www.collegepuzzlechallenge.com/Puzzles/ViewPuzzle.ashx?id=1348,https://www.collegepuzzlechallenge.com/Puzzles/ViewPuzzle.ashx?id=1348&view=solution
https://www.collegepuzzlechallenge.com/Puzzles/ViewPuzzle.ashx?id=1349,https://www.collegepuzzlechallenge.com/Puzzles/ViewPuzzle.ashx?id=1349&view=solution
https://www.collegepuzzlechallenge.com/Puzzles/ViewPuzzle.ashx?id=1351,https://www.collegepuzzlechallenge.com/Puzzles/ViewPuzzle.ashx?id=1351&view=solution
https://www.collegepuzzlechallenge.com/Puzzles/ViewPuzzle.ashx?id=1322,https://www.collegepuzzlechallenge.com/Puzzles/ViewPuzzle.ashx?id=1322&view=solution
https://www.collegepuzzlechallenge.com/Puzzles/ViewPuzzle.ashx?id=1354,https://www.collegepuzzlechallenge.com/Puzzles/ViewPuzzle.ashx?id=1354&view=solution
https://www.collegepuzzlechallenge.com/Puzzles/ViewPuzzle.ashx?id=1323,https://www.collegepuzzlechallenge.com/Puzzles/ViewPuzzle.ashx?id=1323&view=solution
https://www.collegepuzzlechallenge.com/Puzzles/ViewPuzzle.ashx?id=1326,https://www.collegepuzzlechallenge.com/Puzzles/ViewPuzzle.ashx?id=1326&view=solution
https://www.collegepuzzlechallenge.com/Puzzles/ViewPuzzle.ashx?id=1329,https://www.collegepuzzlechallenge.com/Puzzles/ViewPuzzle.ashx?id=1329&view=solution
https://www.collegepuzzlechallenge.com/Puzzles/ViewPuzzle.ashx?id=1331,https://www.collegepuzzlechallenge.com/Puzzles/ViewPuzzle.ashx?id=1331&view=solution
https://www.collegepuzzlechallenge.com/Puzzles/ViewPuzzle.ashx?id=1335,https://www.collegepuzzlechallenge.com/Puzzles/ViewPuzzle.ashx?id=1335&view=solution
https://www.collegepuzzlechallenge.com/Puzzles/ViewPuzzle.ashx?id=1336,https://www.collegepuzzlechallenge.com/Puzzles/ViewPuzzle.ashx?id=1336&view=solution
https://www.collegepuzzlechallenge.com/Puzzles/ViewPuzzle.ashx?id=1338,https://www.collegepuzzlechallenge.com/Puzzles/ViewPuzzle.ashx?id=1338&view=solution
https://www.collegepuzzlechallenge.com/Puzzles/ViewPuzzle.ashx?id=1339,https://www.collegepuzzlechallenge.com/Puzzles/ViewPuzzle.ashx?id=1339&view=solution
https://www.collegepuzzlechallenge.com/Puzzles/ViewPuzzle.ashx?id=1341,https://www.collegepuzzlechallenge.com/Puzzles/ViewPuzzle.ashx?id=1341&view=solution
https://www.collegepuzzlechallenge.com/Puzzles/ViewPuzzle.ashx?id=1344,https://www.collegepuzzlechallenge.com/Puzzles/ViewPuzzle.ashx?id=1344&view=solution
https://www.collegepuzzlechallenge.com/Puzzles/ViewPuzzle.ashx?id=1359,https://www.collegepuzzlechallenge.com/Puzzles/ViewPuzzle.ashx?id=1359&view=solution
https://www.collegepuzzlechallenge.com/Puzzles/ViewPuzzle.ashx?id=1360,https://www.collegepuzzlechallenge.com/Puzzles/ViewPuzzle.ashx?id=1360&view=solution
https://www.collegepuzzlechallenge.com/Puzzles/ViewPuzzle.ashx?id=1356,https://www.collegepuzzlechallenge.com/Puzzles/ViewPuzzle.ashx?id=1356&view=solution
https://www.collegepuzzlechallenge.com/Puzzles/ViewPuzzle.ashx?id=1358,https://www.collegepuzzlechallenge.com/Puzzles/ViewPuzzle.ashx?id=1358&view=solution
https://www.collegepuzzlechallenge.com/Puzzles/ViewPuzzle.ashx?id=1355,https://www.collegepuzzlechallenge.com/Puzzles/ViewPuzzle.ashx?id=1355&view=solution
https://www.collegepuzzlechallenge.com/Puzzles/ViewPuzzle.ashx?id=1357,https://www.collegepuzzlechallenge.com/Puzzles/ViewPuzzle.ashx?id=1357&view=solution
https://www.collegepuzzlechallenge.com/Puzzles/ViewPuzzle.ashx?id=1361,https://www.collegepuzzlechallenge.com/Puzzles/ViewPuzzle.ashx?id=1361&view=solution
https://www.collegepuzzlechallenge.com/Puzzles/ViewPuzzle.ashx?id=1362,https://www.collegepuzzlechallenge.com/Puzzles/ViewPuzzle.ashx?id=1362&view=solution
https://www.collegepuzzlechallenge.com/Puzzles/ViewPuzzle.ashx?id=1363,https://www.collegepuzzlechallenge.com/Puzzles/ViewPuzzle.ashx?id=1363&view=solution
https://www.collegepuzzlechallenge.com/Puzzles/ViewPuzzle.ashx?id=1364,https://www.collegepuzzlechallenge.com/Puzzles/ViewPuzzle.ashx?id=1364&view=solution
https://www.collegepuzzlechallenge.com/Puzzles/ViewPuzzle.ashx?id=1365,https://www.collegepuzzlechallenge.com/Puzzles/ViewPuzzle.ashx?id=1365&view=solution
https://www.collegepuzzlechallenge.com/Puzzles/ViewPuzzle.ashx?id=1366,https://www.collegepuzzlechallenge.com/Puzzles/ViewPuzzle.ashx?id=1366&view=solution
https://www.collegepuzzlechallenge.com/Puzzles/ViewPuzzle.ashx?id=1367,https://www.collegepuzzlechallenge.com/Puzzles/ViewPuzzle.ashx?id=1367&view=solution
https://www.collegepuzzlechallenge.com/Puzzles/ViewPuzzle.ashx?id=1368,https://www.collegepuzzlechallenge.com/Puzzles/ViewPuzzle.ashx?id=1368&view=solution
https://www.collegepuzzlechallenge.com/Puzzles/ViewPuzzle.ashx?id=1369,https://www.collegepuzzlechallenge.com/Puzzles/ViewPuzzle.ashx?id=1369&view=solution
https://www.collegepuzzlechallenge.com/Puzzles/ViewPuzzle.ashx?id=1370,https://www.collegepuzzlechallenge.com/Puzzles/ViewPuzzle.ashx?id=1370&view=solution
https://www.collegepuzzlechallenge.com/Puzzles/ViewPuzzle.ashx?id=1371,https://www.collegepuzzlechallenge.com/Puzzles/ViewPuzzle.ashx?id=1371&view=solution
https://www.collegepuzzlechallenge.com/Puzzles/ViewPuzzle.ashx?id=1372,https://www.collegepuzzlechallenge.com/Puzzles/ViewPuzzle.ashx?id=1372&view=solution
https://www.collegepuzzlechallenge.com/Puzzles/ViewPuzzle.ashx?id=1373,https://www.collegepuzzlechallenge.com/Puzzles/ViewPuzzle.ashx?id=1373&view=solution
https://www.collegepuzzlechallenge.com/Puzzles/ViewPuzzle.ashx?id=1374,https://www.collegepuzzlechallenge.com/Puzzles/ViewPuzzle.ashx?id=1374&view=solution
https://www.collegepuzzlechallenge.com/Puzzles/ViewPuzzle.ashx?id=1375,https://www.collegepuzzlechallenge.com/Puzzles/ViewPuzzle.ashx?id=1375&view=solution
https://www.collegepuzzlechallenge.com/Puzzles/ViewPuzzle.ashx?id=1376,https://www.collegepuzzlechallenge.com/Puzzles/ViewPuzzle.ashx?id=1376&view=solution
https://www.collegepuzzlechallenge.com/Puzzles/ViewPuzzle.ashx?id=1377,https://www.collegepuzzlechallenge.com/Puzzles/ViewPuzzle.ashx?id=1377&view=solution
https://www.collegepuzzlechallenge.com/Puzzles/ViewPuzzle.ashx?id=1378,https://www.collegepuzzlechallenge.com/Puzzles/ViewPuzzle.ashx?id=1378&view=solution
https://www.collegepuzzlechallenge.com/Puzzles/ViewPuzzle.ashx?id=1379,https://www.collegepuzzlechallenge.com/Puzzles/ViewPuzzle.ashx?id=1379&view=solution
https://www.collegepuzzlechallenge.com/Puzzles/ViewPuzzle.ashx?id=1380,https://www.collegepuzzlechallenge.com/Puzzles/ViewPuzzle.ashx?id=1380&view=solution
https://www.collegepuzzlechallenge.com/Puzzles/ViewPuzzle.ashx?id=1381,https://www.collegepuzzlechallenge.com/Puzzles/ViewPuzzle.ashx?id=1381&view=solution
https://www.collegepuzzlechallenge.com/Puzzles/ViewPuzzle.ashx?id=1382,https://www.collegepuzzlechallenge.com/Puzzles/ViewPuzzle.ashx?id=1382&view=solution
https://www.collegepuzzlechallenge.com/Puzzles/ViewPuzzle.ashx?id=1383,https://www.collegepuzzlechallenge.com/Puzzles/ViewPuzzle.ashx?id=1383&view=solution
https://www.collegepuzzlechallenge.com/Puzzles/ViewPuzzle.ashx?id=1384,https://www.collegepuzzlechallenge.com/Puzzles/ViewPuzzle.ashx?id=1384&view=solution
https://www.collegepuzzlechallenge.com/Puzzles/ViewPuzzle.ashx?id=1385,https://www.collegepuzzlechallenge.com/Puzzles/ViewPuzzle.ashx?id=1385&view=solution
https://www.collegepuzzlechallenge.com/Puzzles/ViewPuzzle.ashx?id=1386,https://www.collegepuzzlechallenge.com/Puzzles/ViewPuzzle.ashx?id=1386&view=solution
https://www.collegepuzzlechallenge.com/Puzzles/ViewPuzzle.ashx?id=1387,https://www.collegepuzzlechallenge.com/Puzzles/ViewPuzzle.ashx?id=1387&view=solution
https://www.collegepuzzlechallenge.com/Puzzles/ViewPuzzle.ashx?id=1388,https://www.collegepuzzlechallenge.com/Puzzles/ViewPuzzle.ashx?id=1388&view=solution
https://www.collegepuzzlechallenge.com/Puzzles/ViewPuzzle.ashx?id=1389,https://www.collegepuzzlechallenge.com/Puzzles/ViewPuzzle.ashx?id=1389&view=solution
https://www.collegepuzzlechallenge.com/Puzzles/ViewPuzzle.ashx?id=1390,https://www.collegepuzzlechallenge.com/Puzzles/ViewPuzzle.ashx?id=1390&view=solution
https://www.collegepuzzlechallenge.com/Puzzles/ViewPuzzle.ashx?id=1391,https://www.collegepuzzlechallenge.com/Puzzles/ViewPuzzle.ashx?id=1391&view=solution
https://www.collegepuzzlechallenge.com/Puzzles/ViewPuzzle.ashx?id=1392,https://www.collegepuzzlechallenge.com/Puzzles/ViewPuzzle.ashx?id=1392&view=solution
https://www.collegepuzzlechallenge.com/Puzzles/ViewPuzzle.ashx?id=1393,https://www.collegepuzzlechallenge.com/Puzzles/ViewPuzzle.ashx?id=1393&view=solution
https://www.collegepuzzlechallenge.com/Puzzles/ViewPuzzle.ashx?id=1394,https://www.collegepuzzlechallenge.com/Puzzles/ViewPuzzle.ashx?id=1394&view=solution
https://www.collegepuzzlechallenge.com/Puzzles/ViewPuzzle.ashx?id=1395,https://www.collegepuzzlechallenge.com/Puzzles/ViewPuzzle.ashx?id=1395&view=solution
https://www.collegepuzzlechallenge.com/Puzzles/ViewPuzzle.ashx?id=1396,https://www.collegepuzzlechallenge.com/Puzzles/ViewPuzzle.ashx?id=1396&view=solution
https://www.collegepuzzlechallenge.com/Puzzles/ViewPuzzle.ashx?id=1397,https://www.collegepuzzlechallenge.com/Puzzles/ViewPuzzle.ashx?id=1397&view=solution
https://www.collegepuzzlechallenge.com/Puzzles/ViewPuzzle.ashx?id=1398,https://www.collegepuzzlechallenge.com/Puzzles/ViewPuzzle.ashx?id=1398&view=solution
https://www.collegepuzzlechallenge.com/Puzzles/ViewPuzzle.ashx?id=1399,https://www.collegepuzzlechallenge.com/Puzzles/ViewPuzzle.ashx?id=1399&view=solution
https://www.collegepuzzlechallenge.com/Puzzles/ViewPuzzle.ashx?id=1400,https://www.collegepuzzlechallenge.com/Puzzles/ViewPuzzle.ashx?id=1400&view=solution
